{"cameraMode":{"drawMode":0,"name":"Shaded","section":"Shading Mode"},"sceneLighting":false,"audioPlay":false,"sceneViewState":{"showFog":false,"showMaterialUpdate":false,"showSkybox":false,"showFlares":false,"showImageEffects":false,"showParticleSystems":false},"in2DMode":false,"pivot":{"x":-1.420630693435669,"y":-0.3813047409057617,"z":0.08700418472290039},"rotation":{"x":-0.032295748591423038,"y":0.9665947556495667,"z":-0.20179173350334168,"w":-0.15469862520694734},"size":5.100057601928711,"orthographic":false}