{"cameraMode":{"drawMode":0,"name":"Shaded","section":"Shading Mode"},"sceneLighting":false,"audioPlay":false,"sceneViewState":{"showFog":false,"showMaterialUpdate":false,"showSkybox":false,"showFlares":false,"showImageEffects":false,"showParticleSystems":false},"in2DMode":false,"pivot":{"x":3.3941195011138918,"y":4.483371734619141,"z":-3.4658432006835939},"rotation":{"x":-0.005132492631673813,"y":0.9900311827659607,"z":-0.03745058923959732,"w":-0.13568143546581269},"size":12.544374465942383,"orthographic":false}