{"cameraMode":{"drawMode":0,"name":"Shaded","section":"Shading Mode"},"sceneLighting":false,"audioPlay":false,"sceneViewState":{"showFog":false,"showMaterialUpdate":false,"showSkybox":false,"showFlares":false,"showImageEffects":false,"showParticleSystems":false},"in2DMode":false,"pivot":{"x":-0.36166828870773318,"y":0.9033325910568237,"z":-0.08993697166442871},"rotation":{"x":-0.022272123023867608,"y":0.9776060581207275,"z":-0.15556930005550385,"w":-0.13995936512947083},"size":2.4124972820281984,"orthographic":false}