{"cameraMode":{"drawMode":0,"name":"Shaded","section":"Shading Mode"},"sceneLighting":false,"audioPlay":false,"sceneViewState":{"showFog":false,"showMaterialUpdate":false,"showSkybox":false,"showFlares":false,"showImageEffects":false,"showParticleSystems":false},"in2DMode":false,"pivot":{"x":0.8731482028961182,"y":0.2615962028503418,"z":5.17732048034668},"rotation":{"x":-0.0006839994457550347,"y":0.9927554130554199,"z":-0.12001769989728928,"w":-0.005657856352627277},"size":14.65689468383789,"orthographic":false}