{"cameraMode":{"drawMode":0,"name":"Shaded","section":"Shading Mode"},"sceneLighting":false,"audioPlay":false,"sceneViewState":{"showFog":false,"showMaterialUpdate":false,"showSkybox":false,"showFlares":false,"showImageEffects":false,"showParticleSystems":false},"in2DMode":false,"pivot":{"x":1228.6552734375,"y":457.4723815917969,"z":-199.41673278808595},"rotation":{"x":-0.07990188896656037,"y":0.9152617454528809,"z":-0.22573652863502503,"w":-0.32396721839904787},"size":3634.797119140625,"orthographic":false}