{"cameraMode":{"drawMode":0,"name":"Shaded","section":"Shading Mode"},"sceneLighting":false,"audioPlay":false,"sceneViewState":{"showFog":false,"showMaterialUpdate":false,"showSkybox":false,"showFlares":false,"showImageEffects":false,"showParticleSystems":false},"in2DMode":false,"pivot":{"x":21.029312133789064,"y":-10.470419883728028,"z":-1.3062267303466797},"rotation":{"x":-0.022272123023867608,"y":0.9776060581207275,"z":-0.15556930005550385,"w":-0.13995936512947083},"size":8.427603721618653,"orthographic":false}