{"cameraMode":{"drawMode":0,"name":"Shaded","section":"Shading Mode"},"sceneLighting":false,"audioPlay":false,"sceneViewState":{"showFog":false,"showMaterialUpdate":false,"showSkybox":false,"showFlares":false,"showImageEffects":false,"showParticleSystems":false},"in2DMode":false,"pivot":{"x":10.079999923706055,"y":-3.5299997329711916,"z":0.0},"rotation":{"x":-0.022272123023867608,"y":0.9776060581207275,"z":-0.15556930005550385,"w":-0.13995936512947083},"size":2.356671094894409,"orthographic":false}